predictor_name,mean_value,std_value
fp_energy_db,-70.2531378537493,5.11451491612911
skewness_pdp,4.08797783157663,1.49492958879533
kurtosis_pdp,32.6320366590793,21.5292653409422
mean_excess_delay_ns,4.19111292280517,1.96108815902788
rms_delay_spread_ns,4.79577515211032,1.91285732521628
