predictor_name,coefficient,selected_fullfit,selection_frequency,lambda_fullfit
gamma_CP_rx2,-1.26005473298733,1,1,0.00484217873650868
a_FP_LHCP_rx1,1.20381985797032,1,1,0.00484217873650868
gamma_CP_rx1,0.51458147551564,1,0.8,0.00484217873650868
a_FP_LHCP_rx2,0.0175456233590287,1,0.8,0.00484217873650868
