auc,optimal_threshold,accuracy,f1,precision,recall,ece,flops
0.884353741496599,0.401339471438043,0.839285714285714,0.8,0.75,0.857142857142857,0.099584150282931,5
