model_name,auc,accuracy,f1,ece,flops,n_parameters,train_time_s,infer_time_us
Logistic,0.848571428571429,0.803030303030303,0.8,0.099584150282931,7,4,0.1058006,1187.0293
SVM,0.704761904761905,0.713636363636364,0.541904761904762,0.238375047672878,309,177,0.059863,95.325
RandomForest,0.761904761904762,0.748484848484849,0.566349206349206,0.237712121212121,613,2156,0.2252456,24696.251
LDA,0.851700680272109,0.766666666666667,0.681428571428571,0.196309557501931,7,12,0.0044448,265.0955
LinearSVM,0.819047619047619,0.784848484848485,0.714761904761905,0.23148186620867,7,4,0.0413706,80.802
DNN,0.806802721088435,0.73030303030303,0.632121212121212,0.224995723366737,192,192,0.2274584,708.5097
