auc,optimal_threshold,accuracy,f1,precision,recall,ece,flops
0.834375,0.859309094047912,0.660714285714286,0.688524590163935,1,0.525,0.136253397779116,5
