model_name,auc,accuracy,f1,ece,flops,n_parameters,train_time_s,infer_time_us
Logistic,0.8625,0.768181818181818,0.688524590163935,0.136253397779116,5,3,0.1910882,2477.0799
SVM,0.6734375,0.75,0.847746818025456,0.145680430503485,201,121,0.0956609,252.9198
RandomForest,0.85703125,0.821212121212121,0.877777777777778,0.189151515151515,510,1718,0.4837625,33613.4909
DNN,0.778125,0.733333333333333,0.823976608187134,0.189298760890961,194,194,0.2199612,673.3533
LDA,0.7875,0.731818181818182,0.820261437908497,0.174612619862181,5,7,0.0047057,528.7572
QDA,0.78125,0.753030303030303,0.798351648351648,0.28042006906465,12,10,0.0045515,656.2638
LinearSVM,0.7859375,0.786363636363636,0.860904712762298,0.150787069253866,5,3,0.0374198,72.7752
TinyTree,0.765625,0.839393939393939,0.893790849673203,0.13206548241031,2,5,0.0040186,114.1338
LogisticQuad,0.8625,0.821212121212121,0.902439024390244,0.0786241869156044,11,6,0.2026838,1036.2851
