Row,r_CP,a_FP,fp_energy_db,skewness_pdp,kurtosis_pdp
r_CP,1,0.2676760327232,-0.191802117011382,-0.0218290699955078,-0.0582348958893536
a_FP,0.2676760327232,1,0.682817788969523,0.554639266575136,0.472733829791273
fp_energy_db,-0.191802117011382,0.682817788969523,1,0.715222109039373,0.680826052020525
skewness_pdp,-0.0218290699955078,0.554639266575136,0.715222109039373,1,0.973353874965992
kurtosis_pdp,-0.0582348958893536,0.472733829791273,0.680826052020525,0.973353874965992,1
