auc,optimal_threshold,accuracy,f1,precision,recall,ece,flops
0.872108843537415,0.336524602111529,0.821428571428571,0.791666666666667,0.703703703703704,0.904761904761905,0.0869660002984123,5
