case_name,scenario,pos_id,x_m,y_m,label,fp_energy_db,skewness_pdp,kurtosis_pdp,mean_excess_delay_ns,rms_delay_spread_ns,gamma_CP_rx1,gamma_CP_rx2,a_FP_RHCP_rx1,a_FP_LHCP_rx1,a_FP_RHCP_rx2,a_FP_LHCP_rx2,baseline_score,proposed_score,baseline_pred,proposed_pred,fold_id,hard_case_mask
CP_caseC,C,2,1.5,-1.75,1,-67.4978066526219,2.41775586775693,17.9742628684263,3.16132974829574,2.45802548243085,0.609315757308192,0.683719030075102,0.174179387920019,0.067739700954692,0.279855195435887,0.169793718332515,0.495536710259368,0.779254265999538,0,1,4,1
CP_caseC,C,4,3,-1.75,0,-71.1325261032698,3.57020883293977,27.093843134786,6.4932861071463,7.34745438091541,0.0261177903018104,1.69869565619871,0.121873057912502,0.0590764724515576,0.364196766744983,0.047640417321349,0.452912786313079,0.0829348232609357,0,0,1,1
CP_caseC,C,10,2.25,-1.25,0,-66.4819967624445,2.54987007505949,12.9331925117305,3.68882580842448,3.75835286099581,0.483455583870976,1.48191564092402,0.301421929487645,0.180598366753518,0.304109184519869,0.187008712332816,0.560438356163275,0.615967506246662,1,1,5,1
CP_caseC,C,11,3,-1.25,0,-68.6403199052094,1.11558827352451,3.49795868632905,11.3750280581468,11.9371595621291,0.311286406930924,1.70864755317129,0.166494732813645,0.0692134556441964,0.390597020708693,0.0677388517362495,0.554442452882365,0.0465840226015319,1,0,1,1
CP_caseC,C,12,3.75,-1.25,0,-70.5205813229491,3.82892582484875,27.3222645304456,3.60143010679617,4.00556020301929,0.342328764327052,2.17709496051148,0.204586861425299,0.133490154289966,0.210306076416913,0.0149799122082505,0.437046744908093,0.139395766346503,0,0,3,1
CP_caseC,C,31,2.25,0.25,1,-67.7821548511177,3.20431013675778,17.6769197636819,3.73555428802057,5.02939627688761,0.468835150742025,0.759017516727257,0.304468288715191,0.220311362458596,0.287596943588146,0.222381482299612,0.441358859506254,0.680279574728176,0,1,5,1
CP_caseC,C,43,0.75,1.25,1,-70.3097139222292,4.79683410370936,42.7559352233821,5.36522599256444,7.17621992532619,1.32466422292908,-0.0458382039475651,0.292070636240475,0.25133222222912,0.316540301317614,0.350003944600898,0.568917665319303,0.977637512706391,1,1,4,1
CP_caseC,C,48,4.5,1.25,0,-69.7793308866018,5.47803053058867,40.7870387470453,3.23169719168792,4.52190393636687,0.809436070556117,0.71292504627442,0.398480970991875,0.198889030938903,0.323522007723551,0.0521101889661333,0.540106277778997,0.562386856380684,1,1,1,1
