case_name,scenario,pos_id,x_m,y_m,label,fp_energy_db,skewness_pdp,kurtosis_pdp,mean_excess_delay_ns,rms_delay_spread_ns,gamma_CP_rx1,gamma_CP_rx2,a_FP_RHCP_rx1,a_FP_LHCP_rx1,a_FP_RHCP_rx2,a_FP_LHCP_rx2,baseline_score,proposed_score,baseline_pred,proposed_pred,fold_id,hard_case_mask
CP_caseB,B,6,4.5,-1.75,1,-67.7422121002213,6.57181998346424,65.9154294316696,2.68539279253602,3.4148537790324,-0.237459758088597,1.78932216944281,0.32937558198004,0.0731759344509683,0.342947339628986,0.0704636486060411,0.927433467988692,0.119413109414771,1,0,4,0
CP_caseC,C,16,1.5,-0.75,1,-64.1105508535936,2.8044397732548,15.3690259495972,3.40417923401674,3.45957704564755,0.095665902498196,2.39584826671367,0.336331116334375,0.257106223019901,0.409092925514405,0.0790881571895511,0.711760646764516,0.473365584374404,1,0,5,0
CP_caseC,C,22,0.75,-0.25,1,-63.0371572411868,3.76964770069921,24.9321107362077,2.72852270546394,3.06265645071029,0.317158147212878,1.99094411538369,0.275335626052067,0.136895438374176,0.318862216655979,0.055488153704527,0.780138657214143,0.386342818344093,1,0,3,0
