label_mode,scope,feature_name,n,n_los,n_nlos,point_biserial,auc_raw,auc_effective,ks_stat,mi_bits,direction,status
geometric_class,B,a_FP_LHCP_rx1,56,35,21,0.49578605663896,0.801360544217687,0.801360544217687,0.552380952380952,0.271136458166208,higher->LoS,ok
geometric_class,B,a_FP_LHCP_rx2,56,35,21,0.446692765880771,0.782312925170068,0.782312925170068,0.476190476190476,0.273381047792507,higher->LoS,ok
geometric_class,B,a_FP_RHCP_rx1,56,35,21,0.252701639860389,0.658503401360544,0.658503401360544,0.419047619047619,0.166699468309702,higher->LoS,ok
geometric_class,B,gamma_CP_rx1,56,35,21,0.263130800803244,0.63265306122449,0.63265306122449,0.371428571428571,0.176151700684359,higher->LoS,ok
geometric_class,B,gamma_CP_rx2,56,35,21,-0.170428862271867,0.417687074829932,0.582312925170068,0.352380952380952,0.330868207593822,higher->NLoS,ok
geometric_class,B,a_FP_RHCP_rx2,56,35,21,0.0450397660167212,0.541496598639456,0.541496598639456,0.238095238095238,0.108289753188284,higher->LoS,ok
geometric_class,B,fp_idx_diff_rx12,56,35,21,-0.0215916758543765,0.510204081632653,0.510204081632653,0.0476190476190477,0.00103686630571252,higher->LoS,ok
