label_mode,scope,feature_name,n,n_los,n_nlos,point_biserial,auc_raw,auc_effective,ks_stat,mi_bits,direction,status
geometric_class,C,a_FP_LHCP_rx2,56,21,35,0.599716071051873,0.843537414965986,0.843537414965986,0.6,0.316066039320421,higher->LoS,ok
geometric_class,C,a_FP_RHCP_rx2,56,21,35,0.518315891008337,0.810884353741497,0.810884353741497,0.542857142857143,0.32303674513405,higher->LoS,ok
geometric_class,C,a_FP_LHCP_rx1,56,21,35,0.443418186056507,0.771428571428571,0.771428571428571,0.428571428571429,0.322575467473998,higher->LoS,ok
geometric_class,C,a_FP_RHCP_rx1,56,21,35,0.384052076888002,0.733333333333333,0.733333333333333,0.419047619047619,0.200169164397688,higher->LoS,ok
geometric_class,C,gamma_CP_rx1,56,21,35,0.346269066353305,0.710204081632653,0.710204081632653,0.419047619047619,0.295615199539588,higher->LoS,ok
geometric_class,C,fp_idx_diff_rx12,56,21,35,-0.274211261360247,0.36530612244898,0.63469387755102,0.228571428571429,0.036926007360043,higher->NLoS,ok
geometric_class,C,gamma_CP_rx2,56,21,35,-0.145484405688783,0.374149659863946,0.625850340136054,0.352380952380952,0.238128039738274,higher->NLoS,ok
