auc,optimal_threshold,accuracy,f1,precision,recall,ece,flops
0.791836734693877,0.714425296740288,0.714285714285714,0.724137931034483,0.91304347826087,0.6,0.107236905968463,5
