model_name,auc,accuracy,f1,ece,flops,n_parameters,train_time_s,infer_time_us
Logistic,0.744285714285714,0.713636363636364,0.724137931034483,0.107236905968463,7,4,0.1128903,1336.4654
SVM,0.639455782312925,0.642424242424242,0.749589169000934,0.202229495642218,351,201,0.0630784,98.3854
RandomForest,0.72108843537415,0.698484848484848,0.7755002891845,0.279045454545455,703,2586,0.3186364,23511.0088
LDA,0.771428571428571,0.713636363636364,0.775255332902392,0.22915227181031,7,12,0.0038543,249.3417
LinearSVM,0.760544217687075,0.695454545454546,0.764266321913381,0.216493137184052,7,4,0.036687,61.8786
DNN,0.742857142857143,0.693939393939394,0.757417582417583,0.224648417532444,192,192,0.2148917,603.5729
