auc,optimal_threshold,accuracy,f1,precision,recall,ece,flops
0.88975457732762,0.883786808837601,0.875,0.926829268292683,0.977941176470588,0.880794701986755,0.0382373953402631,5
