model_name,auc,accuracy,f1,ece,flops,n_parameters,train_time_s,infer_time_us
Logistic,0.884175627240143,0.916934046345811,0.926829268292683,0.0382373953402631,5,3,0.1053422,1094.7858
SVM,0.731982859368913,0.893048128342246,0.942743299505595,0.0556805809024588,176,106,2.1958035,67.1718
RandomForest,0.85430463576159,0.91729055258467,0.954080895486842,0.0744955436720143,570,2258,0.2201109,21577.494
DNN,0.882352941176471,0.916934046345811,0.955524103917755,0.0771075434982777,194,194,0.7256747,680.8024
