model_name,auc,accuracy,f1,ece,flops,n_parameters,train_time_s,infer_time_us
Logistic,0.8625,0.768181818181818,0.688524590163935,0.136253397779116,5,3,0.2497965,3714.4226
SVM,0.6734375,0.75,0.847746818025456,0.145680430503485,201,121,0.1094146,296.8046
RandomForest,0.85703125,0.821212121212121,0.877777777777778,0.189151515151515,510,1718,0.6301892,48771.0146
DNN,0.7984375,0.751515151515152,0.837222222222222,0.162303100526333,194,194,0.4985647,1443.4186
