label_mode,scope,feature_name,n,n_los,n_nlos,point_biserial,auc_raw,auc_effective,ks_stat,mi_bits,direction,status
material_class,B+C,a_FP_RHCP_rx1,112,95,17,0.508413131766207,0.85015479876161,0.85015479876161,0.728792569659443,0.267928368764157,higher->LoS,ok
material_class,B+C,a_FP_RHCP_rx2,112,95,17,0.454347840711903,0.819195046439628,0.819195046439628,0.537461300309598,0.188750435326566,higher->LoS,ok
material_class,B+C,gamma_CP_rx1,112,95,17,0.374001332244357,0.780185758513932,0.780185758513932,0.489164086687307,0.13714344475832,higher->LoS,ok
material_class,B+C,a_FP_LHCP_rx1,112,95,17,0.28885363974913,0.756656346749226,0.756656346749226,0.535603715170279,0.170893292469423,higher->LoS,ok
material_class,B+C,a_FP_LHCP_rx2,112,95,17,0.210143874216233,0.679876160990712,0.679876160990712,0.323219814241486,0.107134601910553,higher->LoS,ok
material_class,B+C,gamma_CP_rx2,112,95,17,0.18542665441373,0.640247678018576,0.640247678018576,0.398142414860681,0.140186103990654,higher->LoS,ok
