auc,optimal_threshold,accuracy,f1,precision,recall,ece,flops
0.8,0.753969898950148,0.714285714285714,0.724137931034483,0.91304347826087,0.6,0.115756681892491,5
