model_name,auc,accuracy,f1,ece,flops,n_parameters,train_time_s,infer_time_us
Logistic,0.744285714285714,0.731818181818182,0.724137931034483,0.115756681892491,5,3,0.0828953,1036.5444
SVM,0.699319727891156,0.75,0.813991596638656,0.184768862229405,191,115,0.0459326,69.7298
RandomForest,0.710884353741497,0.751515151515152,0.808901098901099,0.275939393939394,624,2056,0.1887264,22004.0658
DNN,0.741496598639456,0.748484848484849,0.790018315018315,0.293082162737846,194,194,0.205098,599.0157
LDA,0.778231292517007,0.733333333333333,0.793131868131868,0.239221259183212,5,7,0.0052679,285.6247
QDA,0.778231292517007,0.73030303030303,0.75011655011655,0.341137773962667,12,10,0.0041544,602.3434
LinearSVM,0.79047619047619,0.713636363636364,0.775255332902392,0.241438784370257,5,3,0.0362804,59.2544
TinyTree,0.672108843537415,0.733333333333333,0.798846153846154,0.0883956002277273,1,3,0.0036579,94.1249
LogisticQuad,0.727142857142857,0.659090909090909,0.8,0.106236178557876,11,6,0.2140284,1033.8724
